date,time,datetime,timezone,message_id,html_file,has_text,photo_count,file_count,photos,files,source,api_message_id,text
2026-06-26,07:39:26,2026-06-26T07:39:26+09:00,UTC+09:00,message5002,telegram_api,True,0,0,,,telegram_api,5002,"↘️비트코인 대장주 MSTR은
계속해서 저점을 깨고 내려가고 있습니다
(암호화폐 가격 부진)"
2026-06-26,07:39:46,2026-06-26T07:39:46+09:00,UTC+09:00,message5003,telegram_api,False,1,0,photos\message_5003 (6).jpg,,telegram_api,5003,
2026-06-26,07:40:00,2026-06-26T07:40:00+09:00,UTC+09:00,message5004,telegram_api,True,0,0,,,telegram_api,5004,"↘️SW 대장주 중 하나인 팔란티어 역시
최근 저점을 계속 하회하고 있습니다"
2026-06-26,07:40:26,2026-06-26T07:40:26+09:00,UTC+09:00,message5005,telegram_api,True,0,0,,,telegram_api,5005,"*SW 대장주 마이크로소프트 역시
최근 저점 하회했습니다"
2026-06-26,07:40:56,2026-06-26T07:40:56+09:00,UTC+09:00,message5006,telegram_api,True,0,0,,,telegram_api,5006,"소외주(빅테크/SW/암호화폐)에서
계속해서 돈이 빠져나가고,

AI인프라주로
돈이 몰리는 흐름
계속되고 있습니다"
2026-06-26,07:42:16,2026-06-26T07:42:16+09:00,UTC+09:00,message5007,telegram_api,True,0,0,,,telegram_api,5007,"🔥 주요 신고가 현황, 6/26
*52주 신고가 포함

📡 AI인프라·광통신
GLW (광섬유·)

⚙️ 반도체·장비
AMAT (반도체 장비)
TER (반도체 테스터)

💾 메모리
MU (DRAM·HBM)

⚡️ 유틸리티·전력
BE (연료전지)
GNRC (백업 발전기)

🚀 우주·방산
GE (항공엔진)

🏦 금융
JPM (대형은행)
BAC (대형은행)

🏗 건설/인프라
CAT (건설장비/전력)
URI (건설장비 렌탈)

🚚 운송·물류
AAL (항공)
DAL (항공)
UAL (항공)

💊헬스케어
MRK (제약)
UNH (건강보험)"
2026-06-26,07:42:48,2026-06-26T07:42:48+09:00,UTC+09:00,message5008,telegram_api,True,0,0,,,telegram_api,5008,"메모리/장비/광통신/전력주
주도하고 있고

유가하락으로
여행주 지속 상승세입니다"
2026-06-26,07:44:14,2026-06-26T07:44:14+09:00,UTC+09:00,message5009,telegram_api,False,1,0,photos\message_5009 (6).jpg,,telegram_api,5009,
2026-06-26,07:44:45,2026-06-26T07:44:45+09:00,UTC+09:00,message5010,telegram_api,True,0,0,,,telegram_api,5010,"💊미국 의료보험사 UNH
52주 신고가 돌파 중

*최악 구간 통과 후
아주 천천히(?) 스멀스멀
오르는 중입니다"
2026-06-26,07:45:51,2026-06-26T07:45:51+09:00,UTC+09:00,message5011,telegram_api,False,1,0,photos\message_5011 (6).jpg,,telegram_api,5011,
2026-06-26,07:46:47,2026-06-26T07:46:47+09:00,UTC+09:00,message5012,telegram_api,True,0,0,,,telegram_api,5012,"👷미국 중장비 렌탈 1위 URI도 신고가인데요,
캐터필러도 동반 신고가입니다

AI인프라 건설 등의
수혜 기대감 이어지고 있습니다

이런 주식이 오를때
하락장/침체장이 온 적은 없다고
봐도 무방합니다"
2026-06-26,07:48:56,2026-06-26T07:48:56+09:00,UTC+09:00,message5013,telegram_api,False,1,0,photos\message_5013 (6).jpg,,telegram_api,5013,
2026-06-26,07:50:01,2026-06-26T07:50:01+09:00,UTC+09:00,message5014,telegram_api,True,0,0,,,telegram_api,5014,"<🔔주요 ETF DAILY>

메모리/한국/반도체/인프라 등
강세보였습니다

*최근 바이오주들이
들썩이는데,
개인적으로 바이오는
잘 모르는 분야라
잘 건드리지 않는 편입니다

반대로
빅테크,SW,암호화폐 등이
특히 부진했습니다
(우주관련주도 부진 지속)"
2026-06-26,07:53:01,2026-06-26T07:53:01+09:00,UTC+09:00,message5015,telegram_api,True,0,0,,,telegram_api,5015,"<🔔마이크로소프트도 가격 인상>
8월 1일부터 Xbox 콘솔 가격
100~150달러 인상
(반도체 부품 원가 상승 명시)

*메모리발 가격인상 본격화"
2026-06-26,07:53:21,2026-06-26T07:53:21+09:00,UTC+09:00,message5016,telegram_api,True,0,0,,,telegram_api,5016,"PC, 노트북, 게임기, 스마트폰 등
HW가 엄청나게 비싸지는 시대가 도래하겠습니다"
2026-06-26,07:53:59,2026-06-26T07:53:59+09:00,UTC+09:00,message5017,telegram_api,False,1,0,photos\message_5017 (6).jpg,,telegram_api,5017,
2026-06-26,07:54:15,2026-06-26T07:54:15+09:00,UTC+09:00,message5018,telegram_api,True,0,0,,,telegram_api,5018,"🎙월가 ""투자자들 빅테크팔고
AI인프라주로 격렬하게 이동 중"""
2026-06-26,07:54:22,2026-06-26T07:54:22+09:00,UTC+09:00,message5019,telegram_api,False,1,0,photos\message_5019 (6).jpg,,telegram_api,5019,
2026-06-26,07:54:37,2026-06-26T07:54:37+09:00,UTC+09:00,message5020,telegram_api,True,0,0,,,telegram_api,5020,"🔔마소, 메모리 가격 2.5배 올라서
전세계 게임기 가격 인상"
2026-06-26,07:55:00,2026-06-26T07:55:00+09:00,UTC+09:00,message5021,telegram_api,False,1,0,photos\message_5021 (6).jpg,,telegram_api,5021,
2026-06-26,07:55:12,2026-06-26T07:55:12+09:00,UTC+09:00,message5022,telegram_api,True,0,0,,,telegram_api,5022,"🔔팔란티어, 7거래일 연속 하락 중
(SW주 소외 지속)"
2026-06-26,07:59:27,2026-06-26T07:59:27+09:00,UTC+09:00,message5023,telegram_api,False,1,0,photos\message_5023 (6).jpg,,telegram_api,5023,
2026-06-26,08:00:02,2026-06-26T08:00:02+09:00,UTC+09:00,message5024,telegram_api,True,0,0,,,telegram_api,5024,"<🍎애플 가격인상 내역표>
최소 10~50%까지 오르네요"
2026-06-26,08:00:54,2026-06-26T08:00:54+09:00,UTC+09:00,message5025,telegram_api,True,0,0,,,telegram_api,5025,"CPU도 곧 엄청 오를텐데
개인용 PC 사실분들은
지금이라도(?) 사두는게 낫겠습니다

저도 업무용 PC
한대 추가로 쟁여놀까 싶어서
오늘 견적좀 보려고합니다"
2026-06-26,08:03:29,2026-06-26T08:03:29+09:00,UTC+09:00,message5027,telegram_api,False,1,0,photos\message_5027 (6).jpg,,telegram_api,5027,
2026-06-26,08:03:29,2026-06-26T08:03:29+09:00,UTC+09:00,message5026,telegram_api,False,1,0,photos\message_5026 (6).jpg,,telegram_api,5026,
2026-06-26,08:07:05,2026-06-26T08:07:05+09:00,UTC+09:00,message5028,telegram_api,False,1,0,photos\message_5028 (6).jpg,,telegram_api,5028,
2026-06-26,08:07:13,2026-06-26T08:07:13+09:00,UTC+09:00,message5029,telegram_api,False,1,0,photos\message_5029 (6).jpg,,telegram_api,5029,
2026-06-26,08:07:48,2026-06-26T08:07:48+09:00,UTC+09:00,message5030,telegram_api,False,1,0,photos\message_5030 (6).jpg,,telegram_api,5030,
2026-06-26,08:08:24,2026-06-26T08:08:24+09:00,UTC+09:00,message5031,telegram_api,True,0,0,,,telegram_api,5031,"🤔사실 애플 제품 가격 인상은
이미 노출된 재료인데도,

가격을 생각보다 많이
올리고 + 추가 인상까지 한다고 하니
악재로 작용한 것 같습니다"
2026-06-26,08:11:26,2026-06-26T08:11:26+09:00,UTC+09:00,message5032,telegram_api,True,0,0,,,telegram_api,5032,"🙋‍♀️Q. 빅테크 많이 빠진 것 같은데 줍줍 어떨까요
🐵A. 많이 빠진 것은 맞습니다
(대부분 15~35% 사이 하락 중)

⭐️하지만 소외주로 분류되면
말그대로 시장에서 '소외'되는 경향이
꽤 이어지는 경우가 많기 때문에

주가가 당분간은
부진할 수 있다는 점
염두에 둬야합니다

즉, 중장기로 본다면
좋고

단기로는 수익률 측면에서
아쉬울 수 있다는 것을
참고하시고 투자하시면 되겠습니다

예) 자녀계좌, 노후자금,
중장기용 계좌 = OK

단기(예를 들면 올해 남은 기간)로는
소외주=미운오리(수익률 부진)"
2026-06-26,08:12:29,2026-06-26T08:12:29+09:00,UTC+09:00,message5033,telegram_api,True,0,0,,,telegram_api,5033,"🐵개인적으로도 저점을 맞히려고
하기보다는 아직 AI인프라 사이클
꺾이는 신호가 없기 때문에,

올 하반기쯤(3-4분기)
상황을 봐서

소외주인 빅테크, SW 등을
늘리려고 합니다

지금은 매수를 하고 있지는 않습니다
(주도주인 AI인프라로 집중)"
2026-06-26,09:26:42,2026-06-26T09:26:42+09:00,UTC+09:00,message5034,telegram_api,True,0,0,,,telegram_api,5034,"🎙월가, ""빅테크-AI인프라 내
제로섬 게임이 되고 있다""

""반도체가 빅테크 현금과 마진을
뺏는 것으로
여겨지고 있다"""
2026-06-26,09:27:16,2026-06-26T09:27:16+09:00,UTC+09:00,message5035,telegram_api,True,0,0,,,telegram_api,5035,"-> 금리인하 사이클에선
둘다 오를 수 있겠지만

현재 긴축사이클로 접어들면서
모두 같이 오르는 장은 어렵다고
봐야겠습니다

주도주 쏠림 심화 예상합니다"
2026-06-26,09:38:42,2026-06-26T09:38:42+09:00,UTC+09:00,message5036,telegram_api,False,1,0,photos\message_5036 (6).jpg,,telegram_api,5036,
2026-06-26,09:39:45,2026-06-26T09:39:45+09:00,UTC+09:00,message5037,telegram_api,True,0,0,,,telegram_api,5037,"<💰올해 기준금리 1회 내외 인상 반영>

매크로 전망은 손바닥 뒤집듯
바뀔 수 있으나,

현재 시장은 약 1회 내외
금리인상을 반영하면서

긴축을 염두에 두고 있습니다

따라서
모든 주식이 다 오르는 장이 아닌

제한적 자금내에서
돌고도는 순환매 및
주도주로 쏠리는 장이
더욱 심화될 것으로 보입니다"
2026-06-26,09:39:50,2026-06-26T09:39:50+09:00,UTC+09:00,message5038,telegram_api,True,0,0,,,telegram_api,5038,요약 : 오르는 것만 오른다
2026-06-26,10:39:07,2026-06-26T10:39:07+09:00,UTC+09:00,message5039,telegram_api,False,1,0,photos\message_5039 (6).jpg,,telegram_api,5039,
2026-06-26,10:39:47,2026-06-26T10:39:47+09:00,UTC+09:00,message5040,telegram_api,True,0,0,,,telegram_api,5040,"🔔오픈AI가 상장을 연기할 수도 있다고
발표했는데요,

스페이스X 상장 이후 흐름이 좋지 않아서
(현재 긴축장세)
상황을 봐서 유동성 기대가 붙을때
상장을 추진할 것 같습니다"
2026-06-26,18:26:43,2026-06-26T18:26:43+09:00,UTC+09:00,message5041,telegram_api,False,1,0,photos\message_5041 (6).jpg,,telegram_api,5041,
2026-06-26,18:28:23,2026-06-26T18:28:23+09:00,UTC+09:00,message5042,telegram_api,True,0,0,,,telegram_api,5042,"🔔프리) AI인프라주 약세 흐름입니다

하루 급등 하루 급락 등
변동성 커지고 있습니다

1. 오픈AI가 상장을 연기해서라든지
2. 애플발 메모리 가격 부담떄문이라든지

뭐 여러가지 분석과 이유들이
따라 붙습니다만

그냥 워낙 많이 오른 주식들
과열 식히고, 레버리지 털고
가는 움직임으로 보시는게
맞지 않나 싶습니다

개인적으로
사이클 고점으로 보지는 않으나,
과열은 좀 식히고 가도
이상할게 없을 것 같습니다"
2026-06-26,19:14:14,2026-06-26T19:14:14+09:00,UTC+09:00,message5043,telegram_api,False,1,0,photos\message_5043 (6).jpg,,telegram_api,5043,
2026-06-26,19:14:40,2026-06-26T19:14:40+09:00,UTC+09:00,message5044,telegram_api,True,0,0,,,telegram_api,5044,"🛢유가는 매우 안정적으로 잘 내려가고 있습니다

지정학 뉴스 보시는 것보다
유가 흐름 보시는 것이 더 빠르고
정확할 수 있습니다"
2026-06-26,19:14:58,2026-06-26T19:14:58+09:00,UTC+09:00,message5045,telegram_api,True,0,0,,,telegram_api,5045,"유가 하향 안정은
증시에 매우 긍정적입니다
(현재 조정은 과열 식히기로 해석 가능)"
2026-06-26,22:17:54,2026-06-26T22:17:54+09:00,UTC+09:00,message5046,telegram_api,False,1,0,photos\message_5046 (6).jpg,,telegram_api,5046,
2026-06-26,22:18:47,2026-06-26T22:18:47+09:00,UTC+09:00,message5047,telegram_api,True,0,0,,,telegram_api,5047,"🔔오늘은 큰 지표 발표는 없습니다
1. 오픈AI 상장 연기 검토
2. 애플 가격 인상

2개가 가장 큰 이슈입니다

1. '검토'일뿐이고
2. 가격인상도
그냥 메모리 핑계 명분이라고
생각합니다
(어차피 올렸을 것)"
2026-06-27,09:37:35,2026-06-27T09:37:35+09:00,UTC+09:00,message5051,telegram_api,False,1,0,photos\message_5051 (6).jpg,,telegram_api,5051,
2026-06-27,09:37:35,2026-06-27T09:37:35+09:00,UTC+09:00,message5050,telegram_api,False,1,0,photos\message_5050 (6).jpg,,telegram_api,5050,
2026-06-27,09:37:35,2026-06-27T09:37:35+09:00,UTC+09:00,message5049,telegram_api,False,1,0,photos\message_5049 (6).jpg,,telegram_api,5049,
2026-06-27,09:37:35,2026-06-27T09:37:35+09:00,UTC+09:00,message5048,telegram_api,False,1,0,photos\message_5048 (6).jpg,,telegram_api,5048,
2026-06-27,09:38:03,2026-06-27T09:38:03+09:00,UTC+09:00,message5052,telegram_api,True,0,0,,,telegram_api,5052,"🔔증시, AI인프라주 약세 vs 빅테크 강세 등
순환매 보였던 하루였습니다"
2026-06-27,09:38:12,2026-06-27T09:38:12+09:00,UTC+09:00,message5053,telegram_api,False,1,0,photos\message_5053 (6).jpg,,telegram_api,5053,
2026-06-27,09:38:41,2026-06-27T09:38:41+09:00,UTC+09:00,message5054,telegram_api,True,0,0,,,telegram_api,5054,"↗️마이크로소프트, 마이클버리의
매수 소식에 힘입어 강세,
덩달아 sw주식들도 반등세"
2026-06-27,09:39:04,2026-06-27T09:39:04+09:00,UTC+09:00,message5055,telegram_api,False,1,0,photos\message_5055 (6).jpg,,telegram_api,5055,
2026-06-27,09:39:20,2026-06-27T09:39:20+09:00,UTC+09:00,message5056,telegram_api,True,0,0,,,telegram_api,5056,"↗️비만약 일라이릴리,
신약 승인 기대 등 호재 부각되며
초강세 (신고가 경신)"
2026-06-27,09:40:26,2026-06-27T09:40:26+09:00,UTC+09:00,message5057,telegram_api,False,1,0,photos\message_5057 (6).jpg,,telegram_api,5057,
2026-06-27,09:40:33,2026-06-27T09:40:33+09:00,UTC+09:00,message5058,telegram_api,False,1,0,photos\message_5058 (6).jpg,,telegram_api,5058,
2026-06-27,09:40:55,2026-06-27T09:40:55+09:00,UTC+09:00,message5059,telegram_api,True,0,0,,,telegram_api,5059,"🔔AI인프라주 약세,
헬스케어 등 나머지 주식 강세 보이는
전형적 순환매 보였습니다"
2026-06-27,09:42:05,2026-06-27T09:42:05+09:00,UTC+09:00,message5060,telegram_api,False,1,0,photos\message_5060 (6).jpg,,telegram_api,5060,
2026-06-27,09:42:35,2026-06-27T09:42:35+09:00,UTC+09:00,message5061,telegram_api,True,0,0,,,telegram_api,5061,"💊비만약 일라이릴리,
흐름이 매우 좋습니다

개인적으로 보유 중인 주식인데
도파민은 안터지지만
꾸준히 우상향 가능한
헬스케어 대장주로 보고 있습니다"
2026-06-27,09:43:11,2026-06-27T09:43:11+09:00,UTC+09:00,message5062,telegram_api,False,1,0,photos\message_5062 (6).jpg,,telegram_api,5062,
2026-06-27,09:43:43,2026-06-27T09:43:43+09:00,UTC+09:00,message5063,telegram_api,True,0,0,,,telegram_api,5063,"💊미국 1위 보험사 UNH도
조용히 야금야금 고점을 높혀가고 있습니다
(도파민은 안터지나 포트에서
방어주 역할을 해주는 역할입니다)"
2026-06-27,09:44:05,2026-06-27T09:44:05+09:00,UTC+09:00,message5064,telegram_api,False,1,0,photos\message_5064 (6).jpg,,telegram_api,5064,
2026-06-27,09:44:18,2026-06-27T09:44:18+09:00,UTC+09:00,message5065,telegram_api,True,0,0,,,telegram_api,5065,"💊헬스케어 ETF XLV도 마찬가지로
흐름이 매우 좋습니다
(LLY, UNH 모두 포함)"
2026-06-27,09:44:30,2026-06-27T09:44:30+09:00,UTC+09:00,message5066,telegram_api,False,1,0,photos\message_5066 (6).jpg,,telegram_api,5066,
2026-06-27,09:44:47,2026-06-27T09:44:47+09:00,UTC+09:00,message5067,telegram_api,False,1,0,photos\message_5067 (6).jpg,,telegram_api,5067,
2026-06-27,09:51:17,2026-06-27T09:51:17+09:00,UTC+09:00,message5068,telegram_api,False,1,0,photos\message_5068 (6).jpg,,telegram_api,5068,
2026-06-27,09:51:52,2026-06-27T09:51:52+09:00,UTC+09:00,message5069,telegram_api,True,0,0,,,telegram_api,5069,"🎙마이클버리 ""마이크로소프트에 대한
신규 매수와, 팔란티어 숏포지션 절반을 청산했다""
발언과 함께

SW 주식 저평가 부각되며
마이크로소프트 및 팔란티어 등
반등을 시도했습니다"
2026-06-27,09:54:10,2026-06-27T09:54:10+09:00,UTC+09:00,message5070,telegram_api,False,1,0,photos\message_5070 (6).jpg,,telegram_api,5070,
2026-06-27,09:54:37,2026-06-27T09:54:37+09:00,UTC+09:00,message5071,telegram_api,True,0,0,,,telegram_api,5071,"🎙마이클버리, 마이크로소프트 350불은
매우 싸보인다 -> 발언에
마소 반등 시도했습니다"
2026-06-27,09:56:02,2026-06-27T09:56:02+09:00,UTC+09:00,message5073,telegram_api,False,1,0,photos\message_5073 (6).jpg,,telegram_api,5073,
2026-06-27,09:56:43,2026-06-27T09:56:43+09:00,UTC+09:00,message5074,telegram_api,True,0,0,,,telegram_api,5074,"<🔔주요 ETF DAILY>

주도주인 AI인프라가 쉬고,
소외되었던 SW, 보안 및
방어주 (헬스케어, 바이오 등)가
강했던 하루였습니다"
2026-06-27,10:08:24,2026-06-27T10:08:24+09:00,UTC+09:00,message5075,telegram_api,True,0,0,,,telegram_api,5075,"☺️이외 더 자세한 내용들은
주간 브리핑에서 공유드리겠습니다!"
2026-06-27,11:40:28,2026-06-27T11:40:28+09:00,UTC+09:00,message5076,telegram_api,False,1,0,photos\message_5076 (6).jpg,,telegram_api,5076,
2026-06-27,11:40:48,2026-06-27T11:40:48+09:00,UTC+09:00,message5077,telegram_api,False,0,1,,files\message_5077 (6).pdf,telegram_api,5077,
2026-06-27,11:41:21,2026-06-27T11:41:21+09:00,UTC+09:00,message5078,telegram_api,True,0,0,,,telegram_api,5078,"[🖥소몽 추천 리포트]

신한에서 매월 10개 Top pick
선정해서 종목 분석 리포트를 내주는데요,

7월것도 참고하시라고 공유드립니다"
2026-06-27,11:42:11,2026-06-27T11:42:11+09:00,UTC+09:00,message5080,telegram_api,False,1,0,photos\message_5080 (6).jpg,,telegram_api,5080,
2026-06-27,11:42:11,2026-06-27T11:42:11+09:00,UTC+09:00,message5079,telegram_api,False,1,0,photos\message_5079 (6).jpg,,telegram_api,5079,
2026-06-27,11:43:03,2026-06-27T11:43:03+09:00,UTC+09:00,message5081,telegram_api,True,0,0,,,telegram_api,5081,"마이크론-메모리
인텔-CPU/파운드리
타워세미컨덕터-광통신
네비우스-데이터센터
카펜터-특수소재(AI인프라/우주/방산)
블룸에너지-전력
스트럭처테라-경구비만약"
2026-06-27,11:58:53,2026-06-27T11:58:53+09:00,UTC+09:00,message5082,telegram_api,True,0,0,,,telegram_api,5082,"🎙FT ""애플이 트럼프 행정부에 로비를해서
중국 창신메모리로부터 메모리 구매할 수 있도록
요청했다"""
2026-06-27,12:00:30,2026-06-27T12:00:30+09:00,UTC+09:00,message5083,telegram_api,True,0,0,,,telegram_api,5083,"🐵소설/망상)

애플 팀쿡 : 메모리가 너무 비싸요
트럼프 : 나보고 어떡하라고
애플 팀쿡 : 중국꺼 사게 해줘요
트럼프 : 미쳤어?
애플 팀쿡 : 그럼 가격 올릴게요
물가 감당되시죠?
트럼프 : 미쳤어? 선거 진다구
애플 팀쿡 : 그러니까 중국꺼 사게해줘요"
2026-06-27,18:12:25,2026-06-27T18:12:25+09:00,UTC+09:00,message5084,telegram_api,True,0,0,,,telegram_api,5084,"<🐵주간 소수의견>
한주간 중요한 이슈를 정리하고
다음주를 대비하는
주간 소수의견 브리핑 시간입니다!"
2026-06-27,18:12:35,2026-06-27T18:12:35+09:00,UTC+09:00,message5085,telegram_api,False,1,0,photos\message_5085 (5).jpg,,telegram_api,5085,
2026-06-27,18:12:38,2026-06-27T18:12:38+09:00,UTC+09:00,message5086,telegram_api,False,1,0,photos\message_5086 (5).jpg,,telegram_api,5086,
2026-06-27,18:15:05,2026-06-27T18:15:05+09:00,UTC+09:00,message5087,telegram_api,True,0,0,,,telegram_api,5087,"🐵이번주는
마이크론 메가 서프라이즈에도
악재가 더 부각되며
조정으로 마무리한 한주였습니다
(하루 급등 하루 급락 고변동 지속)

주요 악재는 크게 3가지입니다

1. 오픈AI 상장이 연기될 수 있다
-> AI자금조달 및 투자심리가
좋지 않다는 부정적 신호로 해석

2. 애플이 중국 메모리 쓸 수 있다
-> 메모리 가격 급등에 부담 느낀
애플이 정부에 로비를 해서라도
메모리 가격 압박을 줄 수 있다는
우려가 작용했습니다

3. 빅테크 투자가 꺾일 수 있다는 우려
-> 마이크로소프트 CEO가
경고를 할 정도로, 과도한 AI투자경쟁에
대한 우려가 계속되면서
빅테크발 투자 속도조절 가능성이
악재로 작용했습니다"
2026-06-27,18:15:35,2026-06-27T18:15:35+09:00,UTC+09:00,message5088,telegram_api,True,0,0,,,telegram_api,5088,"그외)
분기말 리밸런싱
(많이 오른거 팔고 떨어진거 사고)

긴축전망 지속 등도
단기 악재로 작용했습니다"
2026-06-27,18:15:51,2026-06-27T18:15:51+09:00,UTC+09:00,message5089,telegram_api,False,1,0,photos\message_5089 (5).jpg,,telegram_api,5089,
2026-06-27,18:17:37,2026-06-27T18:17:37+09:00,UTC+09:00,message5090,telegram_api,True,0,0,,,telegram_api,5090,"<🔔주간 특징주 요약>

1) 주도주인 AI인프라 관련주
전반적으로 약세보였습니다

메모리/CPU/광통신/장비/전력/데이터센터
+ 오픈AI 상장 관련주인 GS,MS도
약세보였습니다

2) 빅테크도 주 후반부 반등하긴했지만
주간 기준으로는 계속되는 투자 확대 우려로
약세보였습니다

3) SW주 역시 주 후반부 반등하긴 했으나
주간 기준으로 저점을 깨고 내려갈 정도로
부진했습니다

4) 반대로 저평가 소외주인
헬스케어쪽으로 돈이 몰렸는데요,
만약 조정 이어진다면 당분간
헬스케어쪽이 좋을 것 같습니다(피난처)

5)그외 유가 하향 안정되면서
여행주들이 대부분 좋았습니다"
2026-06-27,18:17:45,2026-06-27T18:17:45+09:00,UTC+09:00,message5091,telegram_api,False,1,0,photos\message_5091 (5).jpg,,telegram_api,5091,
2026-06-27,18:18:07,2026-06-27T18:18:07+09:00,UTC+09:00,message5092,telegram_api,True,0,0,,,telegram_api,5092,"<🐵주간 증시 히트맵>

하락장이라고 보기 어렵고
많이 오른 주식 쉬고
덜 오른 주식 오르는
순환매, 쉬어가기 장세로 보입니다"
2026-06-27,18:18:19,2026-06-27T18:18:19+09:00,UTC+09:00,message5094,telegram_api,False,1,0,photos\message_5094 (5).jpg,,telegram_api,5094,
2026-06-27,18:19:50,2026-06-27T18:19:50+09:00,UTC+09:00,message5095,telegram_api,True,0,0,,,telegram_api,5095,"<🐵주간 ETF 현황>

⬇️주도주 AI인프라가 약세,
⬆️반대로 바이오/헬스케어 등이
강했습니다

최근 바이오쪽이 강한데
개인적으로 바이오 투자는
지식/능력의 한계로 잘 건들지는 않습니다

헬스케어쪽 (XLV)은
투자하고 있습니다

건설주는
트럼프의 하반기 대규모 주택 부양 정책
통과 앞두고 기대감에 상승했습니다
(최종 서명 앞둔 상황)"
2026-06-27,18:20:28,2026-06-27T18:20:28+09:00,UTC+09:00,message5096,telegram_api,False,1,0,photos\message_5096 (5).jpg,,telegram_api,5096,
2026-06-27,18:20:29,2026-06-27T18:20:29+09:00,UTC+09:00,message5097,telegram_api,False,1,0,photos\message_5097 (5).jpg,,telegram_api,5097,
2026-06-27,18:20:40,2026-06-27T18:20:40+09:00,UTC+09:00,message5098,telegram_api,True,0,0,,,telegram_api,5098,"*빅테크, 반도체는 -10% 이상 빠지며
조정장 진입했습니다"
2026-06-27,18:22:34,2026-06-27T18:22:34+09:00,UTC+09:00,message5099,telegram_api,False,1,0,photos\message_5099 (5).jpg,,telegram_api,5099,
2026-06-27,18:23:17,2026-06-27T18:23:17+09:00,UTC+09:00,message5100,telegram_api,True,0,0,,,telegram_api,5100,"*주요 주도 ETF(AI인프라) 역시
고점대비 10% 이상 빠지며
조정 구간 진입했습니다

<고점대비 하락률>
메모리 -11.6%
반도체 -10.1%
데이터센터-14.6%
전력 -8.2%"
2026-06-27,18:24:13,2026-06-27T18:24:13+09:00,UTC+09:00,message5101,telegram_api,False,1,0,photos\message_5101 (5).jpg,,telegram_api,5101,
2026-06-27,18:24:26,2026-06-27T18:24:26+09:00,UTC+09:00,message5102,telegram_api,False,1,0,photos\message_5102 (5).jpg,,telegram_api,5102,
2026-06-27,18:24:33,2026-06-27T18:24:33+09:00,UTC+09:00,message5103,telegram_api,True,0,0,,,telegram_api,5103,<👑빅테크 전원 조정장 진입>
2026-06-27,18:25:35,2026-06-27T18:25:35+09:00,UTC+09:00,message5104,telegram_api,True,0,0,,,telegram_api,5104,"애플을 포함한 모든 빅테크가
고점대비 10% 이상 하락 중입니다

계속되는 투자 확대 우려에
주가 약세보이고 있습니다"
2026-06-27,18:28:40,2026-06-27T18:28:40+09:00,UTC+09:00,message5105,telegram_api,True,0,0,,,telegram_api,5105,"🐵개인적으로 증시 하락/조정이
좀더 이어질 수 있으나
(과열 해소, 레버리지 털고가기)

AI인프라 사이클 종료는
아직이라고 생각하고 있습니다
(후반부인건 명확하므로
조심할 건 해야하겠지만요)

그러므로 추가 조정시
주도주 분할매수는 유효하다고
보고 있습니다"
2026-06-27,18:29:34,2026-06-27T18:29:34+09:00,UTC+09:00,message5106,telegram_api,False,1,0,photos\message_5106 (5).jpg,,telegram_api,5106,
2026-06-27,18:31:38,2026-06-27T18:31:38+09:00,UTC+09:00,message5107,telegram_api,True,0,0,,,telegram_api,5107,"🙋Q. 다음주엔 뭐볼까요?
🐵A.

좋든싫든 현재
전세계 증시를 움직이는건
메모리(AI인프라)회사들이고,

그래서 다음주 삼성,SK하이닉스
대규모 투자 발표가 주목받겠습니다
(한국주식투자를 하지 않더라도 영향 다수)

6/29 월요일에
삼성에서 1,000조원대 투자 계획
발표가 예정되어 있고

그외 SK의 반도체 클러스터 조성 계획
발표도 6/30 화요일로 예정되어 있습니다

그외
제조업, 고용보고서 등이 있으나
현재 매크로 지표 영향은 매우
미미할 것으로 보입니다"
2026-06-27,18:32:30,2026-06-27T18:32:30+09:00,UTC+09:00,message5108,telegram_api,False,1,0,photos\message_5108 (5).jpg,,telegram_api,5108,
2026-06-27,18:32:59,2026-06-27T18:32:59+09:00,UTC+09:00,message5109,telegram_api,True,0,0,,,telegram_api,5109,"🙋‍♀️Q. 리스크는 없을까요?
🐵A. 네 단기 조정/과열 식히기가
끝나면 다시 우상향 모드
가능해보입니다"
2026-06-27,18:33:11,2026-06-27T18:33:11+09:00,UTC+09:00,message5110,telegram_api,False,1,0,photos\message_5110 (5).jpg,,telegram_api,5110,
2026-06-27,18:33:26,2026-06-27T18:33:26+09:00,UTC+09:00,message5111,telegram_api,True,0,0,,,telegram_api,5111,"🟢유가 하향 안정화
🟢금리 나쁘지 않은 상황"
2026-06-27,18:33:33,2026-06-27T18:33:33+09:00,UTC+09:00,message5112,telegram_api,False,1,0,photos\message_5112 (5).jpg,,telegram_api,5112,
2026-06-27,18:33:39,2026-06-27T18:33:39+09:00,UTC+09:00,message5113,telegram_api,True,0,0,,,telegram_api,5113,"🟢증시, 채권(금리) 변동성 베팅도
크게 높지 않은 상황"
2026-06-27,18:33:45,2026-06-27T18:33:45+09:00,UTC+09:00,message5114,telegram_api,False,1,0,photos\message_5114 (5).jpg,,telegram_api,5114,
2026-06-27,18:34:22,2026-06-27T18:34:22+09:00,UTC+09:00,message5115,telegram_api,True,0,0,,,telegram_api,5115,"🟢공포지수는 25, 심지어 극단적 공포상태로
소수의 AI인프라 주식을 제외하면
대다수 주식이 부진, 공포에 가까운 상태

🟢약한고리가 끊어질 수 있다는
선행경고신호도 없는 상태"
2026-06-27,18:34:36,2026-06-27T18:34:36+09:00,UTC+09:00,message5116,telegram_api,False,1,0,photos\message_5116 (5).jpg,,telegram_api,5116,
2026-06-27,18:34:59,2026-06-27T18:34:59+09:00,UTC+09:00,message5117,telegram_api,True,0,0,,,telegram_api,5117,"⚠️물론, 달러가 오르는 것이
단기 부정적 요인이나

이것만으로 강세장이 꺾이기엔
역부족으로 보입니다"
2026-06-27,18:35:27,2026-06-27T18:35:27+09:00,UTC+09:00,message5118,telegram_api,False,1,0,photos\message_5118 (5).jpg,,telegram_api,5118,
2026-06-27,18:35:51,2026-06-27T18:35:51+09:00,UTC+09:00,message5119,telegram_api,True,0,0,,,telegram_api,5119,"🥇달러 강세 보이면서
금,은을 포함한 주요 원자재는 약세 지속 중"
2026-06-27,18:35:57,2026-06-27T18:35:57+09:00,UTC+09:00,message5120,telegram_api,False,1,0,photos\message_5120 (5).jpg,,telegram_api,5120,
2026-06-27,18:36:16,2026-06-27T18:36:16+09:00,UTC+09:00,message5121,telegram_api,True,0,0,,,telegram_api,5121,"💸긴축우려, 유동성 부족에
암호화폐 대부분 부진 (저점 경신)"
2026-06-27,18:36:49,2026-06-27T18:36:49+09:00,UTC+09:00,message5122,telegram_api,False,1,0,photos\message_5122 (5).jpg,,telegram_api,5122,
2026-06-27,18:37:26,2026-06-27T18:37:26+09:00,UTC+09:00,message5123,telegram_api,True,0,0,,,telegram_api,5123,"⚠️실질 금리가 계속 올라가면서
시장 유동성은 좋지 못한 상태입니다

빅테크가 돈 뿌리는 힘으로
올라가는 장세입니다

그러므로 빅테크가 투자를 꺾는다,
속도를 늦춘다 라는 소식에
매우 민감할 수밖에 없습니다"
2026-06-27,18:39:09,2026-06-27T18:39:09+09:00,UTC+09:00,message5124,telegram_api,False,1,0,photos\message_5124 (5).jpg,,telegram_api,5124,
2026-06-27,18:39:14,2026-06-27T18:39:14+09:00,UTC+09:00,message5125,telegram_api,False,1,0,photos\message_5125 (5).jpg,,telegram_api,5125,
2026-06-27,18:40:05,2026-06-27T18:40:05+09:00,UTC+09:00,message5126,telegram_api,True,0,0,,,telegram_api,5126,"🐎주도주 점검(올해 수익률 Top10)

메모리/CPU/서버 등
주도주 이상은 없으나

과열 해소하는 구간
염두에 두시는게 좋겠습니다"
2026-06-27,18:40:27,2026-06-27T18:40:27+09:00,UTC+09:00,message5127,telegram_api,False,1,0,photos\message_5127 (5).jpg,,telegram_api,5127,
2026-06-27,18:40:34,2026-06-27T18:40:34+09:00,UTC+09:00,message5128,telegram_api,False,1,0,photos\message_5128 (5).jpg,,telegram_api,5128,
2026-06-27,18:41:00,2026-06-27T18:41:00+09:00,UTC+09:00,message5129,telegram_api,True,0,0,,,telegram_api,5129,"🐎참고용)올해 나스닥 주도주 현황

*거의 동일합니다
메모리/CPU/데이터센터/장비/전력 등"
2026-06-27,18:41:46,2026-06-27T18:41:46+09:00,UTC+09:00,message5130,telegram_api,False,1,0,photos\message_5130 (5).jpg,,telegram_api,5130,
2026-06-27,18:42:11,2026-06-27T18:42:11+09:00,UTC+09:00,message5131,telegram_api,True,0,0,,,telegram_api,5131,"<🐎올해 주도주 ETF 현황>

이번주는 주도주 거의다
빠졌다고 보시면 되겠습니다
(개별 이슈X)"
2026-06-27,18:42:35,2026-06-27T18:42:35+09:00,UTC+09:00,message5132,telegram_api,False,1,0,photos\message_5132 (5).jpg,,telegram_api,5132,
2026-06-27,18:42:37,2026-06-27T18:42:37+09:00,UTC+09:00,message5133,telegram_api,False,1,0,photos\message_5133 (5).jpg,,telegram_api,5133,
2026-06-27,18:42:39,2026-06-27T18:42:39+09:00,UTC+09:00,message5134,telegram_api,False,1,0,photos\message_5134 (5).jpg,,telegram_api,5134,
2026-06-27,18:43:35,2026-06-27T18:43:35+09:00,UTC+09:00,message5135,telegram_api,True,0,0,,,telegram_api,5135,"🛡만약 조정이 길어진다면
헬스케어쪽으로 당분간 돈이
몰릴 것 같습니다

흐름이 가장 좋습니다

XLV ETF가 가장 좋고,
그 안에 담겨 있는 대장주가
LLY, UNH, JNJ 3대장입니다

어차피 흐름 비슷합니다

저는 투자 중입니다

포트폴리오 헷지, 방어용입니다"
2026-06-27,18:47:12,2026-06-27T18:47:12+09:00,UTC+09:00,message5136,telegram_api,True,0,0,,,telegram_api,5136,"<⭐️3줄요약>
1. 주도주 조정 가능성
(여러 핑계 만들어지는 중)
2. 사이클 고점보다는 쉬어가기
(고점이라 판단된다면 현금 늘려야함)
3. 주도주 저가매수 유효"
2026-06-27,18:48:43,2026-06-27T18:48:43+09:00,UTC+09:00,message5137,telegram_api,True,0,0,,,telegram_api,5137,"🙋Q. 소외주 사면 안되나요?
(빅테크, SW 등)
🐵A. 빅테크 줍줍도 좋습니다만
이번 사이클 남은 기간엔 상대적으로
부진할 것 같습니다

다만
저도 연금, 장기계좌에서는
줍줍 슬슬 고려하고 있습니다"
2026-06-27,18:49:04,2026-06-27T18:49:04+09:00,UTC+09:00,message5138,telegram_api,True,0,0,,,telegram_api,5138,"참고로 52주 저점을 깨고 내려가는
주식은 웬만하면 건들지 않는게 좋습니다
(떨어지는 칼날)"
2026-06-27,18:50:53,2026-06-27T18:50:53+09:00,UTC+09:00,message5139,telegram_api,True,0,0,,,telegram_api,5139,"🙋‍♀️Q. 이번 사이클 고점은 언제라고 보시나요?
🐵A. 시점까지 맞히기는 어렵고

여러 신호들을 최대한 종합해보려고
노력하고 있습니다

빅테크 투자가 꺾인다는 조짐이
살짝만 보여도 시장은 빠르게
분위기가 식을텐데요

이번주도 그런 우려가
약간 나오고 있어서
예의주시는 필요합니다만

아직은 추측에 불과하고
실적시즌을 보고 판단하려고 합니다"
2026-06-27,18:51:34,2026-06-27T18:51:34+09:00,UTC+09:00,message5140,telegram_api,True,0,0,,,telegram_api,5140,"예) (7월, 11월) 실적시즌에서
빅테크의 투자 둔화 속도가 확인된다면

AI인프라 주식 비중은
축소하는 것을 기본 시나리오로
삼으려고 합니다"
2026-06-27,18:53:31,2026-06-27T18:53:31+09:00,UTC+09:00,message5141,telegram_api,True,0,0,,,telegram_api,5141,"☺️주간 브리핑 여기서 마치고
주말 주요 이슈+보충 자료
추가로 공유드리겠습니다"
2026-06-28,15:09:58,2026-06-28T15:09:58+09:00,UTC+09:00,message5144,telegram_api,False,1,0,photos\message_5144 (5).jpg,,telegram_api,5144,
2026-06-28,15:09:58,2026-06-28T15:09:58+09:00,UTC+09:00,message5143,telegram_api,False,1,0,photos\message_5143 (5).jpg,,telegram_api,5143,
2026-06-28,15:09:58,2026-06-28T15:09:58+09:00,UTC+09:00,message5142,telegram_api,False,1,0,photos\message_5142 (5).jpg,,telegram_api,5142,
2026-06-28,15:12:28,2026-06-28T15:12:28+09:00,UTC+09:00,message5146,telegram_api,True,0,0,,,telegram_api,5146,"💥보충자료)

이번주 증시 조정의 3가지 재료
보충자료입니다

1) 오픈AI 상장연기
- 현재 AI투자 사이클의 최대
쩐주(고객사) 중 하나인 오픈AI가
상장을 연기한다는 것 자체가
투심 악화로 해석되었습니다

2) 애플 메모리 가격 견제
- 메모리 가격 급등에 수익성
악화가 걱정되자
이를 명분으로 가격을 올렸습니다

3) 마소의 AI 투자전쟁 비판(견제)
- 선두인 앤트로픽, 오픈AI를
견제하며 AI투자 속도조절을
암시하는 듯한 발언을 했습니다"
2026-06-28,15:12:37,2026-06-28T15:12:37+09:00,UTC+09:00,message5147,telegram_api,False,1,0,photos\message_5147 (5).jpg,,telegram_api,5147,
2026-06-28,15:13:18,2026-06-28T15:13:18+09:00,UTC+09:00,message5148,telegram_api,True,0,0,,,telegram_api,5148,"💥보충자료)

빅테크 주가가 더 빠지면
주주들이 본격 압박을 할 수도 있다는
의견도 커지고 있습니다

AI투자 속도 조절론은
앞으로 계속해서 쓰일
조정 재료가 되겠습니다"
2026-06-28,15:14:14,2026-06-28T15:14:14+09:00,UTC+09:00,message5149,telegram_api,False,1,0,photos\message_5149 (5).jpg,,telegram_api,5149,
2026-06-28,15:15:21,2026-06-28T15:15:21+09:00,UTC+09:00,message5150,telegram_api,True,0,0,,,telegram_api,5150,"💥보충자료)

메모리 열풍에
자금조달을 위한
IPO 광풍이 이어집니다

한,중,일 메모리 기업
모두 추가 자금조달
(IPO)을 할 계획으로

IPO 광풍은
과열의 신호 중 하나이니
참고는 필요하겠습니다
(당장은 아니겠지만)"
2026-06-28,15:23:12,2026-06-28T15:23:12+09:00,UTC+09:00,message5151,telegram_api,False,1,0,photos\message_5151 (5).jpg,,telegram_api,5151,
2026-06-28,15:24:47,2026-06-28T15:24:47+09:00,UTC+09:00,message5152,telegram_api,True,0,0,,,telegram_api,5152,"⭐️중요)보충자료

이 자료는 추정치입니다만
상당히 중요한 의미를 담고 있습니다

현재 우려가 가득한
빅테크의 현금흐름은
2026-27년 최저점을 찍고
2028년부터 본격 반등을 넘어
폭발적 성장을 합니다

다시 말해
2026-2027엔 투자에 쏟아붓느라
현금이 악화되고
주가가 부진할 수 있으나

2028년부턴
뿌려놓은 씨앗을
열매로 본격 회수하는 시기가
된다는 이야기가 됩니다

주식투자로 얘기하자면
빅테크는
2027년이 저점이 될테고

AI인프라주는
207년이 고점이 될
가능성이 매우 높겠습니다"
2026-06-28,15:25:03,2026-06-28T15:25:03+09:00,UTC+09:00,message5153,telegram_api,True,0,0,,,telegram_api,5153,"🐵요약
현재 추정대로라면
빅테크 : 2027 저점
반도체 : 2027 고점"
2026-06-28,15:25:39,2026-06-28T15:25:39+09:00,UTC+09:00,message5154,telegram_api,True,0,0,,,telegram_api,5154,"(추정치는 계속 바뀌니
모니터링 공유하겠습니다)"
2026-06-28,17:32:40,2026-06-28T17:32:40+09:00,UTC+09:00,message5155,telegram_api,False,1,0,photos\message_5155 (5).jpg,,telegram_api,5155,
2026-06-28,17:33:04,2026-06-28T17:33:04+09:00,UTC+09:00,message5156,telegram_api,True,0,0,,,telegram_api,5156,"🐵뒤바뀐 갑을 관계

과거 : 빅테크 갑
현재 : (사실상)메모리가 갑"
2026-06-28,17:47:43,2026-06-28T17:47:43+09:00,UTC+09:00,message5157,telegram_api,False,1,0,photos\message_5157 (5).jpg,,telegram_api,5157,
2026-06-28,17:48:18,2026-06-28T17:48:18+09:00,UTC+09:00,message5158,telegram_api,True,0,0,,,telegram_api,5158,"😳이거 진짜인지는 확인해봐야겠지만
입시에서 반도체 학과가
의대를 넘어설 수도 있다고 하네요(?)

이런 일도 일어나는군요 😳"
2026-06-28,18:04:56,2026-06-28T18:04:56+09:00,UTC+09:00,message5159,telegram_api,False,1,0,photos\message_5159 (5).jpg,,telegram_api,5159,
2026-06-28,18:05:30,2026-06-28T18:05:30+09:00,UTC+09:00,message5160,telegram_api,True,0,0,,,telegram_api,5160,"<🗓7월 실적 캘린더>

2분기(7월)부터 실적시즌이 시작됩니다
아직 미정인 일정이 많아서
추후 업데이트 공유드리겠습니다
(7월 중순부터 시작)"
2026-06-28,18:06:00,2026-06-28T18:06:00+09:00,UTC+09:00,message5161,telegram_api,False,1,0,photos\message_5161 (5).jpg,,telegram_api,5161,
2026-06-28,18:06:56,2026-06-28T18:06:56+09:00,UTC+09:00,message5162,telegram_api,True,0,0,,,telegram_api,5162,"<🗓7월 주요 일정 캘린더>

7월은 FOMC 외에는 큰 이슈가 없고
실적이 더 중요하겠습니다

빅테크 수익성 방어 여부
투자 지속 확대 여부로 인해

변동성이 매우 클 것 같습니다"
2026-06-28,18:32:36,2026-06-28T18:32:36+09:00,UTC+09:00,message5163,telegram_api,True,1,0,photos\message_5163 (5).jpg,,telegram_api,5163,"추정치 자료 좀더 잘보이게
업데이트했습니다

(빅테크 현금 26-27 최악 통과)"
2026-06-29,17:03:56,2026-06-29T17:03:56+09:00,UTC+09:00,message5164,telegram_api,False,1,0,photos\message_5164 (5).jpg,,telegram_api,5164,
2026-06-29,17:04:03,2026-06-29T17:04:03+09:00,UTC+09:00,message5165,telegram_api,False,1,0,photos\message_5165 (5).jpg,,telegram_api,5165,
2026-06-29,17:04:18,2026-06-29T17:04:18+09:00,UTC+09:00,message5166,telegram_api,True,0,0,,,telegram_api,5166,"🔔프리마켓, AI인프라주 반등 시도-
특히 장비주들이 강합니다"
2026-06-29,17:04:29,2026-06-29T17:04:29+09:00,UTC+09:00,message5167,telegram_api,True,0,0,,,telegram_api,5167,"메모리 투자 확대->장비주가 수혜받는다는
논리로 이어집니다"
2026-06-29,17:04:57,2026-06-29T17:04:57+09:00,UTC+09:00,message5168,telegram_api,True,0,0,,,telegram_api,5168,"예) 새로 발행해서 조달한 돈으로
첨단 메모리 장비 구매"
2026-06-29,17:05:41,2026-06-29T17:05:41+09:00,UTC+09:00,message5169,telegram_api,False,1,0,photos\message_5169 (5).jpg,,telegram_api,5169,
2026-06-29,17:06:11,2026-06-29T17:06:11+09:00,UTC+09:00,message5170,telegram_api,True,0,0,,,telegram_api,5170,삼전닉스마이크론 투자 확대=장비주 수혜
2026-06-29,17:12:31,2026-06-29T17:12:31+09:00,UTC+09:00,message5171,telegram_api,True,1,0,photos\message_5171 (5).jpg,,telegram_api,5171,https://www.mt.co.kr/industry/2026/06/29/2026062915242175637
2026-06-29,17:13:41,2026-06-29T17:13:41+09:00,UTC+09:00,message5172,telegram_api,True,0,0,,,telegram_api,5172,"🇰🇷오늘 삼전닉스가
메가프로젝트를 발표한 영상과
내용을 쭉 봤는데,

사실 엄청 특별한 것은 없었습니다
구체적인 방법보다는 큰 틀의
상징적인 발표에 가까웠습니다

어쨌든 증시에서는
반도체 공장/설비 투자 확대
-> 반도체 장비 주식 수혜 기대감은
더 커지겠습니다"
2026-06-29,17:13:58,2026-06-29T17:13:58+09:00,UTC+09:00,message5173,telegram_api,False,1,0,photos\message_5173 (5).jpg,,telegram_api,5173,
2026-06-29,17:15:04,2026-06-29T17:15:04+09:00,UTC+09:00,message5174,telegram_api,True,0,0,,,telegram_api,5174,"🛢유가, 여전히 70불 아래로 긍정적

->요즘 패턴이 이렇습니다
주말되면 치고박고 싸우다가
주말 끝나고 장 열리기 전에
급하게 (?) 회의합니다

예전에 중동전쟁도 그랬는데
대놓고 노골적으로
증시를 신경쓰는 모습입니다

그래서 저는
지정학 이슈는 노이즈라고
말씀드리고 있고,

뉴스도 좋지만
유가 흐름 보시는게 더 정확하다고
말씀드리고 싶습니다"
2026-06-29,21:26:47,2026-06-29T21:26:47+09:00,UTC+09:00,message5175,telegram_api,False,1,0,photos\message_5175 (3).jpg,,telegram_api,5175,
2026-06-29,21:26:54,2026-06-29T21:26:54+09:00,UTC+09:00,message5176,telegram_api,True,0,0,,,telegram_api,5176,"🔔프리)팔란티어, 엔비디아와 협업
발표하며 주가 상승세"
2026-06-29,21:27:44,2026-06-29T21:27:44+09:00,UTC+09:00,message5177,telegram_api,False,1,0,photos\message_5177 (3).jpg,,telegram_api,5177,
2026-06-29,21:27:53,2026-06-29T21:27:53+09:00,UTC+09:00,message5178,telegram_api,True,0,0,,,telegram_api,5178,"🚀로켓랩, 위성통신 기업 이리듐
인수발표하며 강세"
2026-06-29,21:28:11,2026-06-29T21:28:11+09:00,UTC+09:00,message5179,telegram_api,False,1,0,photos\message_5179 (3).jpg,,telegram_api,5179,
2026-06-29,21:28:21,2026-06-29T21:28:21+09:00,UTC+09:00,message5180,telegram_api,True,0,0,,,telegram_api,5180,"🔔방송사 컴캐스트,
두개 회사로 분할 발표에 주가 급등"
2026-06-29,21:28:39,2026-06-29T21:28:39+09:00,UTC+09:00,message5181,telegram_api,False,1,0,photos\message_5181 (3).jpg,,telegram_api,5181,
2026-06-29,21:28:44,2026-06-29T21:28:44+09:00,UTC+09:00,message5182,telegram_api,True,1,0,photos\message_5182 (3).jpg,,telegram_api,5182,'
2026-06-29,21:29:27,2026-06-29T21:29:27+09:00,UTC+09:00,message5183,telegram_api,False,1,0,photos\message_5183 (3).jpg,,telegram_api,5183,
2026-06-29,21:29:54,2026-06-29T21:29:54+09:00,UTC+09:00,message5184,telegram_api,True,0,0,,,telegram_api,5184,"🐵오늘은 뭔가
그동안 안나오던
다양한 분야 주식들 호재/이슈가
나오는 중입니다

순환매 염두에 둘 필요있겠습니다"
2026-06-29,22:51:40,2026-06-29T22:51:40+09:00,UTC+09:00,message5185,telegram_api,False,1,0,photos\message_5185 (3).jpg,,telegram_api,5185,
2026-06-29,22:52:15,2026-06-29T22:52:15+09:00,UTC+09:00,message5186,telegram_api,True,0,0,,,telegram_api,5186,"🔔오늘은 메모리
마이크론/샌디스크+인텔 부진하고
반대로 나머지 주식들이 강세 출발합니다
(순환매 진행 중)"
2026-06-29,22:53:46,2026-06-29T22:53:46+09:00,UTC+09:00,message5187,telegram_api,False,1,0,photos\message_5187 (3).jpg,,telegram_api,5187,
2026-06-29,22:54:04,2026-06-29T22:54:04+09:00,UTC+09:00,message5188,telegram_api,True,0,0,,,telegram_api,5188,"🔔ETF도 최근에 부진했던
우주, 사이버보안, SW, 빅테크 등
소외주들이 반등하는 순환매
장이라고 보시면 되겠습니다"
2026-06-29,23:06:11,2026-06-29T23:06:11+09:00,UTC+09:00,message5189,telegram_api,False,1,0,photos\message_5189 (3).jpg,,telegram_api,5189,
2026-06-29,23:06:22,2026-06-29T23:06:22+09:00,UTC+09:00,message5190,telegram_api,False,1,0,photos\message_5190 (3).jpg,,telegram_api,5190,
2026-06-29,23:06:48,2026-06-29T23:06:48+09:00,UTC+09:00,message5191,telegram_api,True,0,0,,,telegram_api,5191,"🔔메모리 악재 위주 부각

1. 담합 소송
2. 메모리 공급 증가 우려

-> 쉬어갈때 되니
악재 위주로 부각시키는 모습입니다"
2026-06-29,23:20:03,2026-06-29T23:20:03+09:00,UTC+09:00,message5192,telegram_api,False,1,0,photos\message_5192 (3).jpg,,telegram_api,5192,
2026-06-29,23:20:32,2026-06-29T23:20:32+09:00,UTC+09:00,message5193,telegram_api,True,0,0,,,telegram_api,5193,"↗️장중 빅테크, 특히
아마존, 구글 등이
목표주가 상향되며 반등 시도합니다"
2026-06-29,23:20:50,2026-06-29T23:20:50+09:00,UTC+09:00,message5194,telegram_api,True,0,0,,,telegram_api,5194,"*메모리, AI인프라주는
낙폭 확대합니다

빅테크와 AI인프라주가
반대로 움직이는 경향이
강해지고 있습니다"
2026-06-29,23:34:00,2026-06-29T23:34:00+09:00,UTC+09:00,message5195,telegram_api,False,1,0,photos\message_5195 (3).jpg,,telegram_api,5195,
2026-06-29,23:35:24,2026-06-29T23:35:24+09:00,UTC+09:00,message5196,telegram_api,True,0,0,,,telegram_api,5196,"<🐵미국 알짜 독점 기업 AXON 6/29>

추천은 아닙니다만,
개인적으로 모니터링 하는 종목 중에
매수 기준에 들어온 종목이 있어서
공유드립니다

미국 테이저건, 바디캠 등
경찰용품을 독점하는
AXON이라는 회사입니다

용품 뿐 아니라,
경찰 바디캠 기록 영상 등을
클라우드에 보관하며
구독료를 따박따박 받는
SW 회사로 변신하였고

최근에는
미허가 드론 탐지 기업을
인수해서
신성장동력으로 삼고 있습니다

$AXON"
2026-06-29,23:36:56,2026-06-29T23:36:56+09:00,UTC+09:00,message5197,telegram_api,True,0,0,,,telegram_api,5197,"기술적으로는
약 1년 정도의 하락추세를 마무리하고
반등->상승추세로 전환을
시도하고 있습니다

실적 탄탄한
성장주인데
최근 SW 위기론으로
함께 묶여서 부진헀다가
최근 반등세로 돌아서는 중입니다

$AXON"
2026-06-29,23:38:03,2026-06-29T23:38:03+09:00,UTC+09:00,message5198,telegram_api,True,0,0,,,telegram_api,5198,"*저는 분할매수를
시작했고
상황을 봐서 언제든
투자 기준에 부합하지 않으면
매도를 할 수 있기 때문에
참고만 해주시기 바라겠습니다!"
2026-06-29,23:40:01,2026-06-29T23:40:01+09:00,UTC+09:00,message5199,telegram_api,False,1,0,photos\message_5199 (3).jpg,,telegram_api,5199,
2026-06-29,23:40:06,2026-06-29T23:40:06+09:00,UTC+09:00,message5200,telegram_api,True,0,0,,,telegram_api,5200,💊비만약 LLY 신고가
2026-06-29,23:40:13,2026-06-29T23:40:13+09:00,UTC+09:00,message5201,telegram_api,False,1,0,photos\message_5201 (3).jpg,,telegram_api,5201,
2026-06-29,23:40:22,2026-06-29T23:40:22+09:00,UTC+09:00,message5202,telegram_api,True,0,0,,,telegram_api,5202,💊헬스케어 JNJ 신고가
2026-06-29,23:42:19,2026-06-29T23:42:19+09:00,UTC+09:00,message5203,telegram_api,False,1,0,photos\message_5203 (3).jpg,,telegram_api,5203,
2026-06-29,23:42:25,2026-06-29T23:42:25+09:00,UTC+09:00,message5204,telegram_api,False,1,0,photos\message_5204 (3).jpg,,telegram_api,5204,
2026-06-29,23:42:46,2026-06-29T23:42:46+09:00,UTC+09:00,message5205,telegram_api,True,0,0,,,telegram_api,5205,"저는 헬스케어에서는
LLY를 가장 많이 보유 중입니다"
2026-06-29,23:45:23,2026-06-29T23:45:23+09:00,UTC+09:00,message5206,telegram_api,False,1,0,photos\message_5206 (3).jpg,,telegram_api,5206,
2026-06-29,23:45:40,2026-06-29T23:45:40+09:00,UTC+09:00,message5207,telegram_api,True,0,0,,,telegram_api,5207,"🤖반도체장비 AMAT 신고가,
장비주 목표주가 일제히 상향
(메모리 장비 투자 확대 기대감)"
2026-06-29,23:46:12,2026-06-29T23:46:12+09:00,UTC+09:00,message5208,telegram_api,True,0,0,,,telegram_api,5208,"*AI인프라 전체가 꺾였다기보다는
메모리주 좀 쉬었다간다고
보는게 맞지 않을까 싶습니다
(순환매)"
2026-06-30,07:55:16,2026-06-30T07:55:16+09:00,UTC+09:00,message5209,telegram_api,False,1,0,photos\message_5209 (3).jpg,,telegram_api,5209,
2026-06-30,07:55:17,2026-06-30T07:55:17+09:00,UTC+09:00,message5212,telegram_api,False,1,0,photos\message_5212 (3).jpg,,telegram_api,5212,
2026-06-30,07:55:17,2026-06-30T07:55:17+09:00,UTC+09:00,message5211,telegram_api,False,1,0,photos\message_5211 (3).jpg,,telegram_api,5211,
2026-06-30,07:55:17,2026-06-30T07:55:17+09:00,UTC+09:00,message5210,telegram_api,False,1,0,photos\message_5210 (3).jpg,,telegram_api,5210,
2026-06-30,07:55:52,2026-06-30T07:55:52+09:00,UTC+09:00,message5213,telegram_api,True,0,0,,,telegram_api,5213,"🔔미 증시 장후반부로 갈수록
상승폭 키우며 마감했습니다

빅테크/나스닥 강했고
로켓랩의 이리듐 인수 소식에 힘입어
우주 관련주들이 가장 강한 하루였습니다"
2026-06-30,07:56:15,2026-06-30T07:56:15+09:00,UTC+09:00,message5214,telegram_api,False,1,0,photos\message_5214 (3).jpg,,telegram_api,5214,
2026-06-30,07:56:23,2026-06-30T07:56:23+09:00,UTC+09:00,message5215,telegram_api,True,0,0,,,telegram_api,5215,"🚀최근 부진했던 우주 관련주
전종목 상승했습니다"
2026-06-30,07:57:25,2026-06-30T07:57:25+09:00,UTC+09:00,message5216,telegram_api,False,1,0,photos\message_5216 (3).jpg,,telegram_api,5216,
2026-06-30,07:58:33,2026-06-30T07:58:33+09:00,UTC+09:00,message5217,telegram_api,False,1,0,photos\message_5217 (3).jpg,,telegram_api,5217,
2026-06-30,07:59:07,2026-06-30T07:59:07+09:00,UTC+09:00,message5218,telegram_api,True,0,0,,,telegram_api,5218,"↗️장초반 악재 부각되며
하락 출발하던 반도체 주식들도
기관들의 폭발적인 목표주가 상향으로
상승반전 마감했습니다
(장중 엄청난 변동성 보였습니다)"
2026-06-30,07:59:14,2026-06-30T07:59:14+09:00,UTC+09:00,message5219,telegram_api,True,0,0,,,telegram_api,5219,장비주들이 특히 강했습니다
2026-06-30,08:00:29,2026-06-30T08:00:29+09:00,UTC+09:00,message5220,telegram_api,False,1,0,photos\message_5220 (3).jpg,,telegram_api,5220,
2026-06-30,08:01:13,2026-06-30T08:01:13+09:00,UTC+09:00,message5221,telegram_api,True,0,0,,,telegram_api,5221,"👑주요 시총 상위주 전반적 상승,
다우지수 편입된 알파벳 강세,
우주 관련주로 묶인
스페이스x/테슬라가 동반 강세보였습니다"
2026-06-30,08:04:21,2026-06-30T08:04:21+09:00,UTC+09:00,message5223,telegram_api,False,1,0,photos\message_5223 (3).jpg,,telegram_api,5223,
2026-06-30,08:04:21,2026-06-30T08:04:21+09:00,UTC+09:00,message5222,telegram_api,False,1,0,photos\message_5222 (3).jpg,,telegram_api,5222,
2026-06-30,08:05:45,2026-06-30T08:05:45+09:00,UTC+09:00,message5225,telegram_api,False,1,0,photos\message_5225 (3).jpg,,telegram_api,5225,
2026-06-30,08:05:45,2026-06-30T08:05:45+09:00,UTC+09:00,message5224,telegram_api,False,1,0,photos\message_5224 (3).jpg,,telegram_api,5224,
2026-06-30,08:09:51,2026-06-30T08:09:51+09:00,UTC+09:00,message5226,telegram_api,True,0,0,,,telegram_api,5226,"🔥 주요 신고가 현황, 6/30
*52주 신고가 포함

📡 AI인프라·광통신
GLW (광섬유)

⚙️ 반도체·장비
AMAT (증착·이온주입)
LRCX (식각장비)
KLAC (검사·계측장비)

🛡 사이버보안·SW
PANW (팔로알토·네트워크 보안)
FTNT (포티넷·네트워크 보안)

🧬 제약·바이오
LLY (일라이릴리·비만·당뇨)
MRK (머크·항암·백신)
ABBV (애브비·면역·항암)
JNJ (존슨앤존슨·제약·의료기기)
MRNA (mRNA 백신)

🎵 미디어
LYV (Live Nation·공연)"
2026-06-30,08:10:18,2026-06-30T08:10:18+09:00,UTC+09:00,message5227,telegram_api,True,0,0,,,telegram_api,5227,"🤖오늘은 반도체장비가
나란히 신고가,

그외 헬스케어(제약/바이오)
쪽과 사이어보안 일부 주식들이
강하게 신고가를 뚫었습니다"
2026-06-30,08:12:11,2026-06-30T08:12:11+09:00,UTC+09:00,message5228,telegram_api,False,1,0,photos\message_5228 (3).jpg,,telegram_api,5228,
2026-06-30,08:13:01,2026-06-30T08:13:01+09:00,UTC+09:00,message5229,telegram_api,True,0,0,,,telegram_api,5229,"<🔔주요 ETF DAILY>

우주가 간만에 강하게 반등,
빅테크도 저가매수세 유입,
그외 주도주 반도체 지속 강세 등
특징보였습니다"
2026-06-30,10:43:50,2026-06-30T10:43:50+09:00,UTC+09:00,message5230,telegram_api,False,1,0,photos\message_5230 (3).jpg,,telegram_api,5230,
2026-06-30,10:44:00,2026-06-30T10:44:00+09:00,UTC+09:00,message5231,telegram_api,True,0,0,,,telegram_api,5231,"🎙트럼프 대통령
""주유소 기름 가격 당장 안내리면
큰 문제 생길 것""

-> 선거 코앞이다
협조해라!"
2026-06-30,10:48:38,2026-06-30T10:48:38+09:00,UTC+09:00,message5232,telegram_api,True,0,0,,,telegram_api,5232,"🔔스페이스X,
트럼프 계좌 프로젝트에
주식 기부 검토

-> 사실상 미국 행정부에
기업 지분 제공하는 형태로
윈윈 전략 가능성

(머스트-크럼프 선거 앞두고
재결합)"
2026-06-30,10:49:33,2026-06-30T10:49:33+09:00,UTC+09:00,message5233,telegram_api,False,1,0,photos\message_5233 (3).jpg,,telegram_api,5233,
2026-06-30,10:49:38,2026-06-30T10:49:38+09:00,UTC+09:00,message5234,telegram_api,False,1,0,photos\message_5234 (3).jpg,,telegram_api,5234,
2026-06-30,10:50:13,2026-06-30T10:50:13+09:00,UTC+09:00,message5235,telegram_api,True,0,0,,,telegram_api,5235,"기업이 '기부' 형태로
지분을 정부에 주고,

정부는 규제를 풀어주고
팍팍 밀어주고

그리고 이익금을
국민에게 배당하면서

국민 반발도 줄이고
여론도 우호적으로
돌리려는 프로젝트가
진행 중입니다"
2026-06-30,10:50:21,2026-06-30T10:50:21+09:00,UTC+09:00,message5236,telegram_api,True,0,0,,,telegram_api,5236,(오픈AI 제안서 기반)
2026-06-30,10:51:07,2026-06-30T10:51:07+09:00,UTC+09:00,message5237,telegram_api,True,0,0,,,telegram_api,5237,"머스크는 사실상 트럼프 덕에
스페이스X 를 순조롭게 상장시켰고
그덕에 사상최대 부자가 되었으니

이제 또다시 선거를 앞두고
트럼프를 도울 가능성이 높겠습니다"
2026-06-30,10:52:39,2026-06-30T10:52:39+09:00,UTC+09:00,message5238,telegram_api,False,1,0,photos\message_5238 (3).jpg,,telegram_api,5238,
2026-06-30,10:53:23,2026-06-30T10:53:23+09:00,UTC+09:00,message5239,telegram_api,True,0,0,,,telegram_api,5239,"🔔중국 1위 메모리 창신메모리(CXMT),
상장 앞두고 호재 부각시킵니다

- 미국 테크 공룡 텐센트에
대규모 메모리칩 공급 발표했습니다

- 메모리 증설 = 장비주 호재이기도 합니다"
2026-06-30,10:54:16,2026-06-30T10:54:16+09:00,UTC+09:00,message5240,telegram_api,False,1,0,photos\message_5240 (3).jpg,,telegram_api,5240,
2026-06-30,10:54:25,2026-06-30T10:54:25+09:00,UTC+09:00,message5241,telegram_api,True,0,0,,,telegram_api,5241,한/중/일 메모리 상장 러시(자금조달)
2026-06-30,16:28:27,2026-06-30T16:28:27+09:00,UTC+09:00,message5242,telegram_api,False,1,0,photos\message_5242 (3).jpg,,telegram_api,5242,
2026-06-30,16:30:36,2026-06-30T16:30:36+09:00,UTC+09:00,message5243,telegram_api,True,0,0,,,telegram_api,5243,"⭐️중요)올해 빅테크 투자 사이클 정점 가능성

저는 이번 사이클은
빅테크 투자가 만든 사이클이라고
생각합니다

그러므로 이번 사이클의 정점,
증시의 고점은
빅테크의 투자가 꺾이는 시점
가능성을 가장 높게 보고 있습니다
(돌발 변수 제외)

월가에서도 이 부분을 예의주시
중인데요,

현재 추정치로는

올 3분기가 투자 성장률 '정점'이므로
이때가 이번 사이클의 고점이
될 가능성도
염두에 둬야합니다

이 지표 하나만으로
고점을 정확히 맞힐 수는 없습니다만,
하나의 유력한 신호로
참고하시는게 좋습니다"
2026-06-30,16:31:03,2026-06-30T16:31:03+09:00,UTC+09:00,message5244,telegram_api,False,1,0,photos\message_5244 (3).jpg,,telegram_api,5244,
2026-06-30,16:31:12,2026-06-30T16:31:12+09:00,UTC+09:00,message5245,telegram_api,False,1,0,photos\message_5245 (3).jpg,,telegram_api,5245,
2026-06-30,16:31:27,2026-06-30T16:31:27+09:00,UTC+09:00,message5246,telegram_api,True,0,0,,,telegram_api,5246,"*투자를 줄이는게 아니라
투자 '증가율'이 줄어들면 피크아웃입니다"
2026-06-30,16:32:00,2026-06-30T16:32:00+09:00,UTC+09:00,message5247,telegram_api,False,1,0,photos\message_5247 (3).jpg,,telegram_api,5247,
2026-06-30,16:32:29,2026-06-30T16:32:29+09:00,UTC+09:00,message5248,telegram_api,True,0,0,,,telegram_api,5248,"여기 적혀있는 숫자가
아래로 꺾이기 시작하면
(증가세가 둔화되면)
사이클 고점 신호 +1
이라고 보시면 되겠습니다"
2026-06-30,16:34:00,2026-06-30T16:34:00+09:00,UTC+09:00,message5249,telegram_api,True,0,0,,,telegram_api,5249,"공교롭게도 올 3~4분기
메모리 자금조달+앤트로픽 상장 등
굵직한 이벤트가 몰려있어

투심의 정점 신호도
함께 나오고 있습니다

IPO광풍 : 신호+1
투자 정점 : 신호+1"
2026-06-30,16:52:28,2026-06-30T16:52:28+09:00,UTC+09:00,message5250,telegram_api,False,1,0,photos\message_5250 (3).jpg,,telegram_api,5250,
2026-06-30,16:52:37,2026-06-30T16:52:37+09:00,UTC+09:00,message5251,telegram_api,True,0,0,,,telegram_api,5251,"⚠️빚투 증가율, 역대급 위험구간 진입"
2026-06-30,16:55:07,2026-06-30T16:55:07+09:00,UTC+09:00,message5252,telegram_api,True,0,0,,,telegram_api,5252,"*개인적으로 주식시장의 과열 신호 중
하나로 가장 많이 참고하는 지표가

바로 '빚투'입니다

주식시장의 디테일은 매번 다르지만
인간의 탐욕은 늘 반복되기 때문입니다

현금으로 주식을 사다가,
더 탐욕이 생기면
빚을 내서 투자를 하게 되고

더 이상 빚을 내서라도
주식을 더 비싸게 사줄 사람이
없어지면

주식시장은 정점에 도달하는 경우가
많았습니다

그런 관점에서
현재 빚투 증가율은
제가 보는 기준으로
닷컴버블, 금융위기, 코로나 이후
역대 4번째 증가세로 올라가고 있으며
이 추세면 올 3-4분기에
정점 신호가 나올 가능성도
있습니다

계속 모니터링하며
공유드리겠습니다

*이 지표 활용법은
마스터클래스 챕터4 꼭 보시기 바랍니다
평생 써먹으실 수 있는 지표입니다"
2026-06-30,16:56:24,2026-06-30T16:56:24+09:00,UTC+09:00,message5253,telegram_api,False,1,0,photos\message_5253 (3).jpg,,telegram_api,5253,
2026-06-30,16:56:42,2026-06-30T16:56:42+09:00,UTC+09:00,message5254,telegram_api,True,0,0,,,telegram_api,5254,"*이 지표 활용법은
마스터클래스 챕터4 꼭 보시기 바랍니다
평생 써먹으실 수 있는 지표입니다
(정점 신호 파악법도 모두 포함되어있습니다)"
2026-06-30,16:57:16,2026-06-30T16:57:16+09:00,UTC+09:00,message5255,telegram_api,True,0,0,,,telegram_api,5255,"*아직 정점신호는 안나왔습니다
공포조장, 겁을 드리고자 함이 아닙니다"
2026-06-30,16:58:06,2026-06-30T16:58:06+09:00,UTC+09:00,message5256,telegram_api,True,0,0,,,telegram_api,5256,"1) IPO광풍 : 신호+1(올3-4분기 예상)
2) CAPEX 증가율 정점 : 신호+1(올3-4분기 예상)
3) 빚투 정점 : 신호+1(올3-4분기 예상)"
2026-06-30,17:40:28,2026-06-30T17:40:28+09:00,UTC+09:00,message5257,telegram_api,False,1,0,photos\message_5257 (3).jpg,,telegram_api,5257,
2026-06-30,17:40:42,2026-06-30T17:40:42+09:00,UTC+09:00,message5258,telegram_api,True,0,0,,,telegram_api,5258,🐵오늘은 큰 이슈는 없습니다
2026-06-30,17:40:50,2026-06-30T17:40:50+09:00,UTC+09:00,message5259,telegram_api,False,1,0,photos\message_5259 (3).jpg,,telegram_api,5259,
2026-06-30,17:41:15,2026-06-30T17:41:15+09:00,UTC+09:00,message5260,telegram_api,True,0,0,,,telegram_api,5260,"🔔프리마켓도 조용한 편입니다
그나마 반도체 장비주들이 계속해서
상대적 강세를 이어가는 모습입니다
(메모리 대규모 증설/투자 기대감)"
2026-06-30,17:41:54,2026-06-30T17:41:54+09:00,UTC+09:00,message5261,telegram_api,True,0,0,,,telegram_api,5261,"⭐️안내)
본 채널(소수의견)은
오늘 자정까지 운영되며

7/1(수)부터는
3분기 채널에서
자료 공유/코멘트 이어지겠습니다!☺️"
2026-06-30,18:23:36,2026-06-30T18:23:36+09:00,UTC+09:00,message5262,telegram_api,False,1,0,photos\message_5262 (3).jpg,,telegram_api,5262,
2026-06-30,18:24:15,2026-06-30T18:24:15+09:00,UTC+09:00,message5263,telegram_api,True,0,0,,,telegram_api,5263,"🚀프리)오늘도 어제에 이어
우주 관련주들이 상대적 강세입니다

로켓랩의 이리듐(위성통신사) 인수를
호재로 인식하며 다시 우주관련주로
관심이 몰리는 모습입니다"
2026-06-30,21:10:53,2026-06-30T21:10:53+09:00,UTC+09:00,message5264,telegram_api,False,1,0,photos\message_5264 (3).jpg,,telegram_api,5264,
2026-06-30,21:11:11,2026-06-30T21:11:11+09:00,UTC+09:00,message5265,telegram_api,True,0,0,,,telegram_api,5265,"🎙빌 애크먼
""하이퍼스케일러(아마존,마소,구글)에
매우 긍정적이다"""
2026-06-30,21:11:37,2026-06-30T21:11:37+09:00,UTC+09:00,message5266,telegram_api,True,0,0,,,telegram_api,5266,"-> 결국 AI인프라 투자해놓은
빅테크가 수익 회수하며
엄청난 돈을 벌어들일 것이라는
글을 인용했습니다"
2026-06-30,21:11:54,2026-06-30T21:11:54+09:00,UTC+09:00,message5267,telegram_api,True,0,0,,,telegram_api,5267,"단기 : 부진(씨앗뿌리기)
중장기 : 더 큰 수익(열매수확)"
2026-06-30,21:12:15,2026-06-30T21:12:15+09:00,UTC+09:00,message5268,telegram_api,False,1,0,photos\message_5268 (3).jpg,,telegram_api,5268,
2026-06-30,21:12:52,2026-06-30T21:12:52+09:00,UTC+09:00,message5269,telegram_api,True,0,0,,,telegram_api,5269,"요즘 계속 이 자료가
도는 것보니까

빅테크 저평가+긍정론이
슬슬 또 부각되는 것 같습니다

(26-27년 현금 최악구간 통과)
28년부터 엄청난 돈 회수시작"
2026-06-30,21:13:12,2026-06-30T21:13:12+09:00,UTC+09:00,message5270,telegram_api,False,1,0,photos\message_5270 (3).jpg,,telegram_api,5270,
2026-06-30,22:33:42,2026-06-30T22:33:42+09:00,UTC+09:00,message5271,telegram_api,False,1,0,photos\message_5271 (3).jpg,,telegram_api,5271,
2026-06-30,22:33:48,2026-06-30T22:33:48+09:00,UTC+09:00,message5272,telegram_api,True,0,0,,,telegram_api,5272,🔔장초반 증시는 혼조세 출발입니다
2026-06-30,22:33:55,2026-06-30T22:33:55+09:00,UTC+09:00,message5273,telegram_api,False,1,0,photos\message_5273 (3).jpg,,telegram_api,5273,
2026-06-30,22:34:20,2026-06-30T22:34:20+09:00,UTC+09:00,message5274,telegram_api,True,0,0,,,telegram_api,5274,"반도체 장비회사들이
특히 강하고,

AMD,인텔,ARM 등
CPU 관련주도 목표주가 상향으로 강세,

메모리 샌디스크도 강세 출발입니다"
2026-06-30,22:34:31,2026-06-30T22:34:31+09:00,UTC+09:00,message5275,telegram_api,True,0,0,,,telegram_api,5275,"*중소형에서는
드론주 AVAV가 실적서프라이즈 나오면서
드론주 전반 강세입니다"
2026-06-30,22:36:50,2026-06-30T22:36:50+09:00,UTC+09:00,message5276,telegram_api,False,1,0,photos\message_5276 (3).jpg,,telegram_api,5276,
2026-06-30,22:37:11,2026-06-30T22:37:11+09:00,UTC+09:00,message5277,telegram_api,True,0,0,,,telegram_api,5277,"↗️반도체 장비주 일제히 신고가입니다
미 증시 최대주로 올라서는 흐름입니다
(메모리 투자->장비 수혜로 자금 이동)"
2026-06-30,22:39:38,2026-06-30T22:39:38+09:00,UTC+09:00,message5278,telegram_api,False,1,0,photos\message_5278 (3).jpg,,telegram_api,5278,
2026-06-30,22:39:44,2026-06-30T22:39:44+09:00,UTC+09:00,message5279,telegram_api,False,1,0,photos\message_5279 (3).jpg,,telegram_api,5279,
2026-06-30,22:39:49,2026-06-30T22:39:49+09:00,UTC+09:00,message5280,telegram_api,False,1,0,photos\message_5280 (3).jpg,,telegram_api,5280,
2026-06-30,22:40:13,2026-06-30T22:40:13+09:00,UTC+09:00,message5281,telegram_api,True,0,0,,,telegram_api,5281,"요 장표들 한번 꼭 유심히
보시면 도움이 될 것 같습니다

반도체 장비주들
비중확대가 유효해보입니다"
2026-06-30,22:40:33,2026-06-30T22:40:33+09:00,UTC+09:00,message5283,telegram_api,False,1,0,photos\message_5283 (3).jpg,,telegram_api,5283,
2026-06-30,22:40:33,2026-06-30T22:40:33+09:00,UTC+09:00,message5282,telegram_api,False,1,0,photos\message_5282 (3).jpg,,telegram_api,5282,
2026-06-30,22:48:17,2026-06-30T22:48:17+09:00,UTC+09:00,message5284,telegram_api,False,1,0,photos\message_5284 (3).jpg,,telegram_api,5284,
2026-06-30,22:48:34,2026-06-30T22:48:34+09:00,UTC+09:00,message5285,telegram_api,False,1,0,photos\message_5285 (3).jpg,,telegram_api,5285,
2026-06-30,22:49:10,2026-06-30T22:49:10+09:00,UTC+09:00,message5286,telegram_api,True,0,0,,,telegram_api,5286,"어제 말씀드린 AXON이라는 기업은
오늘도 흐름이 좋습니다

보니까 오늘은
드론주로도 같이 묶여서 움직이네요

추천아닙니다, 동향 참고용"
2026-06-30,22:52:07,2026-06-30T22:52:07+09:00,UTC+09:00,message5287,telegram_api,False,1,0,photos\message_5287 (3).jpg,,telegram_api,5287,
2026-06-30,22:52:17,2026-06-30T22:52:17+09:00,UTC+09:00,message5288,telegram_api,True,0,0,,,telegram_api,5288,"↗️나스닥에 새로 편입된 네비우스
(데이터센터) 강세 흐름입니다"
2026-06-30,22:52:23,2026-06-30T22:52:23+09:00,UTC+09:00,message5289,telegram_api,False,1,0,photos\message_5289 (3).jpg,,telegram_api,5289,
2026-06-30,22:52:40,2026-06-30T22:52:40+09:00,UTC+09:00,message5290,telegram_api,True,0,0,,,telegram_api,5290,"↗️나스닥에 새로 편입된 아리스타랩스,
메모리 병목을 해결해주는 제품 주목받으며
강세입니다"
2026-06-30,22:53:04,2026-06-30T22:53:04+09:00,UTC+09:00,message5291,telegram_api,False,1,0,photos\message_5291 (3).jpg,,telegram_api,5291,
2026-06-30,22:53:39,2026-06-30T22:53:39+09:00,UTC+09:00,message5292,telegram_api,True,0,0,,,telegram_api,5292,"↗️미국 경찰용품/드론주 AXON,
오늘은 드론주로 함께 묶이며 강세입니다"
2026-06-30,22:57:10,2026-06-30T22:57:10+09:00,UTC+09:00,message5293,telegram_api,False,1,0,photos\message_5293 (3).jpg,,telegram_api,5293,
2026-06-30,22:57:58,2026-06-30T22:57:58+09:00,UTC+09:00,message5294,telegram_api,True,0,0,,,telegram_api,5294,"🔔참고)오늘 중소형에서는
드론주들이 일제히 강세입니다

AVAV라고 하는 드론 대장주 중 하나가
실적 서프라이즈 나왔습니다

드론주에서는
UMAC라는 주식이
트럼프 테마주로 가장
변동성이 큰 편입니다
(오를때 많이 떨어질때 많이)"
2026-06-30,22:58:39,2026-06-30T22:58:39+09:00,UTC+09:00,message5295,telegram_api,False,1,0,photos\message_5295 (3).jpg,,telegram_api,5295,
2026-06-30,22:59:00,2026-06-30T22:59:00+09:00,UTC+09:00,message5296,telegram_api,True,0,0,,,telegram_api,5296,"참고용) 드론주 들썩일때마다
주목받는 UMAC(트럼프 테마주)

*추천 X, 동향 파악용입니다"
2026-06-30,23:05:50,2026-06-30T23:05:50+09:00,UTC+09:00,message5297,telegram_api,False,1,0,photos\message_5297 (3).jpg,,telegram_api,5297,
2026-06-30,23:05:56,2026-06-30T23:05:56+09:00,UTC+09:00,message5298,telegram_api,False,1,0,photos\message_5298 (3).jpg,,telegram_api,5298,
2026-06-30,23:06:21,2026-06-30T23:06:21+09:00,UTC+09:00,message5299,telegram_api,True,0,0,,,telegram_api,5299,"⚡️블룸에너지, 캐터필러 ,버티브 등
전력주까지도 상승 가세합니다

AI인프라주에 또다시 불이 붙는 모습입니다
(며칠 쉬지도 않은 것 같은데)"
2026-06-30,23:55:04,2026-06-30T23:55:04+09:00,UTC+09:00,message5300,telegram_api,False,1,0,photos\message_5300 (3).jpg,,telegram_api,5300,
2026-06-30,23:55:10,2026-06-30T23:55:10+09:00,UTC+09:00,message5301,telegram_api,False,1,0,photos\message_5301 (3).jpg,,telegram_api,5301,
2026-06-30,23:55:27,2026-06-30T23:55:27+09:00,UTC+09:00,message5302,telegram_api,True,0,0,,,telegram_api,5302,"🔔S&P500과 나스닥 현황입니다
오늘도 AI인프라주 쏠림 재개되는 것외에
특이사항은 없습니다(이슈 X)"
2026-06-30,23:56:00,2026-06-30T23:56:00+09:00,UTC+09:00,message5303,telegram_api,True,0,0,,,telegram_api,5303,"🐵소수의견 2분기 채널은
여기서 마무리하고,

3분기 채널에서 새롭게
이어나가도록 하겠습니다

2분기도 고생많으셨습니다
하반기도 함께 화이팅입니다!"
2026-06-30,23:56:18,2026-06-30T23:56:18+09:00,UTC+09:00,message5304,telegram_api,True,0,0,,,telegram_api,5304,3분기 채널 신청은 이 글(링크) 확인해주세요!
